{
  "timestamp": "2025-09-05T21:04:38.180330",
  "models_tested": 5,
  "evaluations": [
    {
      "model": {
        "id": "96e567fc-4ea0-44d7-b4d1-5d0db25e847f",
        "name": "GPT-4o",
        "organization": "OpenAI"
      },
      "evaluation": {
        "model_id": "96e567fc-4ea0-44d7-b4d1-5d0db25e847f",
        "model_name": "GPT-4o",
        "scores_6d": {
          "creativity": 97.0,
          "technique": 80.0,
          "emotion": 85.0,
          "context": 80.0,
          "innovation": 94.0,
          "impact": 96.0
        },
        "scores_47d": {
          "dim_0": 97.21419346753407,
          "dim_1": 97.86216705951638,
          "dim_2": 97.45340320768298,
          "dim_3": 97.30460867316981,
          "dim_4": 97.52811254257566,
          "dim_5": 97.76059720913474,
          "dim_6": 97.26961764975256,
          "dim_7": 97.44123687540423,
          "dim_8": 96.55280785130256,
          "dim_9": 96.90504540765782,
          "dim_10": 96.7702580194746,
          "dim_11": 96.88552807468332,
          "dim_12": 97.02123329219893,
          "dim_13": 96.83241949306765,
          "dim_14": 97.16806123899704,
          "dim_15": 96.80551289668335,
          "dim_16": 96.9920814143307,
          "dim_17": 96.98070426563984,
          "dim_18": 97.2130919230944,
          "dim_19": 96.93616352670263,
          "dim_20": 96.67195461002285,
          "dim_21": 96.78755188395905,
          "dim_22": 96.9495626920509,
          "dim_23": 96.88622537387494,
          "dim_24": 96.91102312080054,
          "dim_25": 96.65930627812595,
          "dim_26": 96.3793024360689,
          "dim_27": 96.44500701632425,
          "dim_28": 97.25508473219202,
          "dim_29": 97.36727547161368,
          "dim_30": 97.62958878863591,
          "dim_31": 97.63498169227944,
          "dim_32": 97.66381466566132,
          "dim_33": 97.37468939022656,
          "dim_34": 97.66720948182694,
          "dim_35": 97.51072952883482,
          "dim_36": 97.56421045996044,
          "dim_37": 97.5028015293775,
          "dim_38": 97.3745663145201,
          "dim_39": 97.77549217669427,
          "dim_40": 97.13979986920461,
          "dim_41": 97.2400878532546,
          "dim_42": 97.30230173437464,
          "dim_43": 97.60548149507633,
          "dim_44": 97.30343123619085,
          "dim_45": 97.29414037901361,
          "dim_46": 97.21666723993201
        },
        "cultural_perspectives": {
          "western": 75.7492959184394,
          "eastern": 72.66830392698782,
          "african": 71.40935860923275,
          "latin_american": 73.55630120820113,
          "middle_eastern": 75.86101728282398,
          "south_asian": 69.9666683295937,
          "oceanic": 75.39407988363982,
          "indigenous": 72.24246206271933
        },
        "evaluation_date": "2025-09-05T20:04:24.564955",
        "metadata": {
          "algorithm_version": "2.0",
          "expansion_method": "correlation_matrix",
          "cultural_perspectives_count": 8
        }
      }
    },
    {
      "model": {
        "id": "8015cc5b-ae4e-4445-b988-47249fbbb800",
        "name": "Claude 3.5 Sonnet",
        "organization": "Anthropic"
      },
      "evaluation": {
        "model_id": "8015cc5b-ae4e-4445-b988-47249fbbb800",
        "model_name": "Claude 3.5 Sonnet",
        "scores_6d": {
          "creativity": 93.0,
          "technique": 93.0,
          "emotion": 87.0,
          "context": 85.0,
          "innovation": 92.0,
          "impact": 83.0
        },
        "scores_47d": {
          "dim_0": 97.55908562943733,
          "dim_1": 97.60394524074846,
          "dim_2": 97.22213259309865,
          "dim_3": 97.74529032202511,
          "dim_4": 97.35039290379912,
          "dim_5": 97.34221877754652,
          "dim_6": 97.33101400712059,
          "dim_7": 97.30232736643386,
          "dim_8": 97.57749723510591,
          "dim_9": 97.21012314738516,
          "dim_10": 97.49374763995614,
          "dim_11": 97.2851113385143,
          "dim_12": 97.29963079068003,
          "dim_13": 96.93567837158403,
          "dim_14": 97.47990461748597,
          "dim_15": 97.18515236097608,
          "dim_16": 97.39464562791858,
          "dim_17": 97.19125742729193,
          "dim_18": 97.35398059591014,
          "dim_19": 97.13208474936248,
          "dim_20": 96.99807466219912,
          "dim_21": 96.67794528891537,
          "dim_22": 96.6931974287333,
          "dim_23": 97.06143959920887,
          "dim_24": 97.304034091921,
          "dim_25": 97.36898126276557,
          "dim_26": 96.57829671731828,
          "dim_27": 97.27324627311968,
          "dim_28": 97.13669532699187,
          "dim_29": 97.46570926528793,
          "dim_30": 97.48493554093704,
          "dim_31": 97.15799134499352,
          "dim_32": 97.49922319645427,
          "dim_33": 97.34273130720729,
          "dim_34": 97.80587630826915,
          "dim_35": 96.71951182793983,
          "dim_36": 97.2636842873674,
          "dim_37": 97.43236402190213,
          "dim_38": 96.83286630792591,
          "dim_39": 96.93618103584,
          "dim_40": 97.12638748363312,
          "dim_41": 97.05080615198949,
          "dim_42": 97.00442848687175,
          "dim_43": 97.70523425955056,
          "dim_44": 97.09979510848959,
          "dim_45": 96.86867284637765,
          "dim_46": 97.20040666499358
        },
        "cultural_perspectives": {
          "western": 75.79821365226198,
          "eastern": 72.69334385348634,
          "african": 71.43225985125663,
          "latin_american": 73.59503328618543,
          "middle_eastern": 75.89357525959423,
          "south_asian": 70.01342071354108,
          "oceanic": 75.42469454791146,
          "indigenous": 72.27873243579668
        },
        "evaluation_date": "2025-09-05T20:04:26.304472",
        "metadata": {
          "algorithm_version": "2.0",
          "expansion_method": "correlation_matrix",
          "cultural_perspectives_count": 8
        }
      }
    },
    {
      "model": {
        "id": "abc40325-0c7d-490b-bb72-39d0dc849e2d",
        "name": "o1-preview",
        "organization": "OpenAI"
      },
      "evaluation": {
        "model_id": "abc40325-0c7d-490b-bb72-39d0dc849e2d",
        "model_name": "o1-preview",
        "scores_6d": {
          "creativity": 86.0,
          "technique": 96.0,
          "emotion": 85.0,
          "context": 89.0,
          "innovation": 99.0,
          "impact": 93.0
        },
        "scores_47d": {
          "dim_0": 96.9216945804303,
          "dim_1": 97.32811695659274,
          "dim_2": 97.14692134907864,
          "dim_3": 97.4350896294954,
          "dim_4": 97.66511991504663,
          "dim_5": 97.21896363148623,
          "dim_6": 97.49257680061743,
          "dim_7": 97.38382176580198,
          "dim_8": 97.97478379522586,
          "dim_9": 98.04770473531079,
          "dim_10": 97.89789643888228,
          "dim_11": 97.65881878139285,
          "dim_12": 97.73444487173914,
          "dim_13": 97.66368211946457,
          "dim_14": 97.47998419989784,
          "dim_15": 97.50203927629772,
          "dim_16": 97.15022333704363,
          "dim_17": 97.2548996089435,
          "dim_18": 97.33997919177136,
          "dim_19": 96.93340703340269,
          "dim_20": 97.37353552576133,
          "dim_21": 97.40871299201967,
          "dim_22": 97.2840930571522,
          "dim_23": 96.97070812756354,
          "dim_24": 97.40718129293066,
          "dim_25": 97.61840082751313,
          "dim_26": 97.41798571870632,
          "dim_27": 97.63740483176824,
          "dim_28": 97.60684421008844,
          "dim_29": 97.76359854834972,
          "dim_30": 97.79543948997062,
          "dim_31": 98.20767882564289,
          "dim_32": 97.68355839670792,
          "dim_33": 97.59015229979913,
          "dim_34": 97.65498285241789,
          "dim_35": 97.67658557137912,
          "dim_36": 97.47007507884925,
          "dim_37": 97.88389882143471,
          "dim_38": 97.4030186007033,