{
  "gpt-4": {
    "average_score": 0.8564091810966811,
    "average_duration": 12.906797851834979,
    "average_tokens": 332.85714285714283,
    "success_rate": 1.0,
    "total_tests": 7,
    "successful_tests": 7
  },
  "gpt-4-turbo": {
    "average_score": 0.8773551844980417,
    "average_duration": 12.242054666791644,
    "average_tokens": 461.7142857142857,
    "success_rate": 1.0,
    "total_tests": 7,
    "successful_tests": 7
  },
  "gpt-4.5": {
    "average_score": 0.8833642547928262,
    "average_duration": 10.912700244358607,
    "average_tokens": 420.2857142857143,
    "success_rate": 1.0,
    "total_tests": 7,
    "successful_tests": 7
  },
  "gpt-4o": {
    "average_score": 0.8771284271284271,
    "average_duration": 11.136114869798933,
    "average_tokens": 376.0,
    "success_rate": 1.0,
    "total_tests": 7,
    "successful_tests": 7
  },
  "gpt-4o-mini": {
    "average_score": 0.8882807668521954,
    "average_duration": 7.733606406620571,
    "average_tokens": 388.85714285714283,
    "success_rate": 1.0,
    "total_tests": 7,
    "successful_tests": 7
  },
  "gpt-5": {
    "average_score": 0.7044562976705834,
    "average_duration": 16.141768285206386,
    "average_tokens": 1144.4285714285713,
    "success_rate": 1.0,
    "total_tests": 7,
    "successful_tests": 7
  },
  "gpt-5-mini": {
    "average_score": 0.7133093047825191,
    "average_duration": 10.727070672171456,
    "average_tokens": 811.1428571428571,
    "success_rate": 1.0,
    "total_tests": 7,
    "successful_tests": 7
  },
  "gpt-5-nano": {
    "average_score": 0.7592332766439911,
    "average_duration": 4.113344771521432,
    "average_tokens": 525.5714285714286,
    "success_rate": 1.0,
    "total_tests": 7,
    "successful_tests": 7
  },
  "o1": {
    "average_score": 0.834064368171511,
    "average_duration": 6.650617463248117,
    "average_tokens": 405.42857142857144,
    "success_rate": 1.0,
    "total_tests": 7,
    "successful_tests": 7
  },
  "o1-mini": {
    "average_score": 0.8896096165739023,
    "average_duration": 5.271075998033796,
    "average_tokens": 746.1428571428571,
    "success_rate": 1.0,
    "total_tests": 7,
    "successful_tests": 7
  },
  "o3-mini": {
    "average_score": 0.8789375901875901,
    "average_duration": 6.505957637514387,
    "average_tokens": 1003.0,
    "success_rate": 1.0,
    "total_tests": 7,
    "successful_tests": 7
  }
}