{
  "gpt-4": {
    "average_score": 0.8262837559266131,
    "average_duration": 8.924046346119471,
    "average_tokens": 219.85714285714286,
    "success_rate": 1.0,
    "total_tests": 7,
    "successful_tests": 7
  },
  "gpt-4-turbo": {
    "average_score": 0.8482568027210886,
    "average_duration": 7.658051524843488,
    "average_tokens": 241.28571428571428,
    "success_rate": 1.0,
    "total_tests": 7,
    "successful_tests": 7
  },
  "gpt-4.5": {
    "average_score": 0.8529787672644816,
    "average_duration": 6.702001401356289,
    "average_tokens": 241.28571428571428,
    "success_rate": 1.0,
    "total_tests": 7,
    "successful_tests": 7
  },
  "gpt-4o": {
    "average_score": 0.8688711090496806,
    "average_duration": 7.440824202128819,
    "average_tokens": 236.28571428571428,
    "success_rate": 1.0,
    "total_tests": 7,
    "successful_tests": 7
  },
  "gpt-4o-mini": {
    "average_score": 0.8595619459905174,
    "average_duration": 4.698152950831822,
    "average_tokens": 240.0,
    "success_rate": 1.0,
    "total_tests": 7,
    "successful_tests": 7
  },
  "gpt-5": {
    "average_score": 0.0,
    "average_duration": 4.628271034785679,
    "average_tokens": 240.14285714285714,
    "success_rate": 1.0,
    "total_tests": 7,
    "successful_tests": 7
  },
  "gpt-5-mini": {
    "average_score": 0.0,
    "average_duration": 3.9254036971500943,
    "average_tokens": 240.14285714285714,
    "success_rate": 1.0,
    "total_tests": 7,
    "successful_tests": 7
  },
  "gpt-5-nano": {
    "average_score": 0.0,
    "average_duration": 2.431006669998169,
    "average_tokens": 240.14285714285714,
    "success_rate": 1.0,
    "total_tests": 7,
    "successful_tests": 7
  },
  "o1": {
    "average_score": 0.4492555658627087,
    "average_duration": 4.723264217376709,
    "average_tokens": 240.14285714285714,
    "success_rate": 1.0,
    "total_tests": 7,
    "successful_tests": 7
  },
  "o1-mini": {
    "average_score": 0.0,
    "average_duration": 2.4417252199990407,
    "average_tokens": 242.0,
    "success_rate": 1.0,
    "total_tests": 7,
    "successful_tests": 7
  },
  "o3-mini": {
    "average_score": 0.0,
    "average_duration": 2.105458532060896,
    "average_tokens": 242.0,
    "success_rate": 1.0,
    "total_tests": 7,
    "successful_tests": 7
  }
}